pitch_pk,pitcher,player_name,pitch_type,pitch_name,game_year,description,game_date,inning,inning_topbot,outs_when_up,balls,strikes,release_speed,release_spin_rate,release_pos_x,release_pos_z,release_extension,pfx_x,pfx_z,ivb,hb,ivb_abs,hb_abs,spin,expected_movement,movement_total,movement_over_expected,movement_gap,movement_sep,movement_angle,is_good_outcome,nastiness_raw,Nastiness_plus
657746_778144_37_6,657746,"Ryan, Joe",ST,Sweeper,2025,swinging_strike,2025-04-27 00:00:00,6,Top,0,2,2,79.5,2935,-2.56,4.75,6.7,2.54,-0.48,-5.76,30.48,5.76,30.48,2935,1.4675,31.019477751890022,29.55197775189002,29.55197775189002,29.663999999999998,-10.701350723899148,1,7.477212081508637,153.9727149400578
622663_777957_2_9,622663,"Severino, Luis",ST,Sweeper,2025,swinging_strike,2025-05-11 00:00:00,1,Top,1,3,2,84.7,2657,-2.08,5.65,6.0,2.35,-0.06,-0.72,28.200000000000003,0.72,28.200000000000003,2657,1.3285,28.209189991915757,26.88068999191576,26.88068999191576,32.976000000000006,-1.4625532190978505,1,6.874279979100024,147.62036895475177
677865_777448_72_5,677865,"Bruihl, Justin",SI,Sinker,2025,swinging_strike,2025-06-19 00:00:00,9,Top,0,3,1,90.0,2175,3.31,5.13,6.8,2.38,0.35,4.199999999999999,28.56,4.199999999999999,28.56,2175,1.0875000000000001,28.8671716660985,27.7796716660985,27.7796716660985,29.232,8.365886124032588,1,6.776227397838715,146.58731080701682
642207_778355_78_3,642207,"Williams, Devin",CH,Changeup,2025,swinging_strike,2025-04-12 00:00:00,9,Top,0,0,2,84.5,2672,-2.32,5.2,7.3,-2.13,-0.1,-1.2000000000000002,-25.56,1.2000000000000002,25.56,2672,1.336,25.588153508997088,24.25215350899709,24.25215350899709,29.232,-177.31203103439643,1,6.627775006319464,145.02325251668995
701542_777337_11_1,701542,"Warren, Will",ST,Sweeper,2025,swinging_strike,2025-06-27 00:00:00,2,Top,1,0,0,81.0,3019,-2.59,5.73,6.6,2.31,-0.14,-1.6800000000000002,27.72,1.6800000000000002,27.72,3019,1.5095,27.770862428091785,26.261362428091786,26.261362428091786,31.247999999999998,-3.468229258917148,1,6.577585837525651,144.4944716413317
689690_778545_27_1,689690,"Jacob, Alek",CH,Changeup,2025,called_strike,2025-03-27 00:00:00,3,Top,2,0,0,73.3,2231,-2.45,3.73,7.1,-2.09,-0.05,-0.6000000000000001,-25.08,0.6000000000000001,25.08,2231,1.1155,25.0871760068765,23.9716760068765,23.9716760068765,29.375999999999994,-178.6295489822004,1,6.560041844463263,144.30963239749167
677865_777448_63_1,677865,"Bruihl, Justin",ST,Sweeper,2025,called_strike,2025-06-19 00:00:00,8,Top,1,0,0,78.3,2498,3.26,5.1,6.6,-2.15,-0.27,-3.24,-25.799999999999997,3.24,25.799999999999997,2498,1.249,26.002646019203507,24.753646019203508,24.753646019203508,27.071999999999992,-172.8421869863842,1,6.485803007829742,143.5274700711554
642232_777835_3_2,642232,"Yarbrough, Ryan",CH,Changeup,2025,swinging_strike,2025-05-21 00:00:00,1,Top,2,0,1,78.4,1978,3.29,4.95,6.4,2.26,0.13,1.56,27.119999999999997,1.56,27.119999999999997,1978,0.989,27.164830203776347,26.175830203776346,26.175830203776346,30.671999999999997,3.292147112996009,1,6.400514783337436,142.6288940817807
642207_778355_79_5,642207,"Williams, Devin",CH,Changeup,2025,swinging_strike,2025-04-12 00:00:00,9,Top,1,2,2,85.1,2779,-2.34,5.11,7.2,-2.16,-0.4,-4.800000000000001,-25.92,4.800000000000001,25.92,2779,1.3895,26.360698018072284,24.971198018072286,24.971198018072286,25.344,-169.5085229876684,1,6.357639331015421,142.1771687443208
642207_777818_57_5,642207,"Williams, Devin",CH,Changeup,2025,swinging_strike,2025-05-22 00:00:00,8,Top,1,2,2,83.6,2811,-2.33,5.19,7.5,-2.15,-0.4,-4.800000000000001,-25.799999999999997,4.800000000000001,25.799999999999997,2811,1.4055,26.24271327435484,24.83721327435484,24.83721327435484,25.199999999999996,-169.46081627137178,1,6.3107480774423195,141.68313390160614
677865_776567_61_1,677865,"Bruihl, Justin",ST,Sweeper,2025,called_strike,2025-08-27 00:00:00,7,Top,2,0,0,77.0,2644,3.36,4.94,7.0,-2.07,-0.17,-2.04,-24.839999999999996,2.04,24.839999999999996,2644,1.322,24.923627344349374,23.601627344349374,23.601627344349374,27.359999999999996,-175.30508572074896,1,6.266509860451337,141.2170508070468
694738_777738_8_2,694738,"Roupp, Landen",CH,Changeup,2025,swinging_strike,2025-05-28 00:00:00,1,Bot,2,0,1,86.8,1893,-2.7,5.14,6.1,-2.08,-0.24,-2.88,-24.96,2.88,24.96,1893,0.9465,25.125604470340612,24.17910447034061,24.17910447034061,26.496000000000002,-173.418055344822,1,6.254474066407436,141.09024460835658
689690_778545_33_1,689690,"Jacob, Alek",CH,Changeup,2025,called_strike,2025-03-27 00:00:00,4,Top,0,0,0,74.2,2203,-3.57,3.79,7.2,-2.31,0.42,5.04,-27.72,5.04,27.72,2203,1.1015,28.17445651649735,27.07295651649735,27.07295651649735,27.215999999999998,169.69515353123398,1,6.219115166610928,140.717711840123
642207_779042_64_3,642207,"Williams, Devin",CH,Changeup,2025,called_strike,2025-03-19 00:00:00,9,Top,2,2,0,83.3,2692,-2.21,5.27,7.3,-2.04,-0.12,-1.44,-24.48,1.44,24.48,2692,1.346,24.522316366934017,23.176316366934017,23.176316366934017,27.648,-176.63353933657018,1,6.211828030558371,140.64093634705682
657746_778144_2_1,657746,"Ryan, Joe",ST,Sweeper,2025,called_strike,2025-04-27 00:00:00,1,Top,1,0,0,80.2,2798,-2.72,5.05,6.4,2.22,0.1,1.2000000000000002,26.64,1.2000000000000002,26.64,2798,1.399,26.66701333108003,25.26801333108003,25.26801333108003,30.528,2.579147500283418,1,6.181891125689842,140.32552839864206
660761_777825_43_4,660761,"Suarez, José",CH,Changeup,2025,swinging_strike,2025-09-16 00:00:00,5,Bot,0,1,2,83.2,1570,2.26,5.7,6.2,2.26,0.46,5.5200000000000005,27.119999999999997,5.5200000000000005,27.119999999999997,1570,0.785,27.676069085041682,26.891069085041682,26.891069085041682,25.919999999999998,11.504815326258818,1,6.168301105558127,140.18234725191087
657514_778245_75_2,657514,"Bernardino, Brennan",CU,Curveball,2025,called_strike,2025-04-20 00:00:00,9,Top,1,1,0,79.4,2777,3.38,4.83,5.6,-2.27,0.06,0.72,-27.240000000000002,0.72,27.240000000000002,2777,1.3885,27.249513757129687,25.861013757129687,25.861013757129687,31.824,178.4859266393649,1,6.132898769317256,139.8093568478641
685126_778283_59_1,685126,"Eisert, Brandon",SI,Sinker,2025,swinging_strike,2025-04-17 00:00:00,8,Top,0,0,0,87.9,1980,3.82,5.15,7.3,2.27,0.85,10.2,27.240000000000002,10.2,27.240000000000002,1980,0.99,29.087069292041097,28.0970692920411,28.0970692920411,20.448000000000004,20.5283794662951,1,6.1301928792780105,139.78084824853954
642207_778355_78_1,642207,"Williams, Devin",CH,Changeup,2025,called_strike,2025-04-12 00:00:00,9,Top,0,0,0,85.1,2632,-2.31,5.23,7.3,-1.99,-0.07,-0.8400000000000001,-23.88,0.8400000000000001,23.88,2632,1.316,23.89476930208785,22.578769302087853,22.578769302087853,27.648,-177.98540121212943,1,6.086373104300224,139.31917375725743
476594_777593_82_3,476594,"Stock, Robert",ST,Sweeper,2025,called_strike,2025-06-08 00:00:00,9,Bot,1,1,1,81.5,2586,-4.49,4.66,6.0,2.22,0.21,2.52,26.64,2.52,26.64,2586,1.293,26.758923745173313,25.465923745173313,25.465923745173313,28.944,5.403791360249714,1,6.080475360161542,139.25703655946674
689690_778499_47_2,689690,"Jacob, Alek",CH,Changeup,2025,swinging_strike,2025-03-31 00:00:00,6,Top,0,0,1,76.8,2286,-3.5,3.67,7.1,-2.02,-0.17,-2.04,-24.240000000000002,2.04,24.240000000000002,2286,1.143,24.32569012381766,23.18269012381766,23.18269012381766,26.640000000000004,-175.18941380563436,1,6.07361055381001,139.18471062941117
642207_777849_60_2,642207,"Williams, Devin",CH,Changeup,2025,swinging_strike,2025-05-20 00:00:00,8,Top,2,0,1,84.5,2867,-2.45,5.18,7.6,-1.98,-0.05,-0.6000000000000001,-23.759999999999998,0.6000000000000001,23.759999999999998,2867,1.4335,23.767574550214412,22.334074550214414,22.334074550214414,27.791999999999994,-178.5534443134261,1,6.066148596327244,139.10609326027654
657277_777440_37_1,657277,"Webb, Logan",SI,Sinker,2025,called_strike,2025-06-19 00:00:00,5,Top,2,0,0,92.2,1984,-1.91,5.05,6.8,-2.02,-0.22,-2.64,-24.240000000000002,2.64,24.240000000000002,1984,0.992,24.383338573706432,23.39133857370643,23.39133857370643,25.92,-173.78436410029735,1,6.017742271761923,138.59609599808476
695445_777661_72_2,695445,"Lee, Chase",ST,Sweeper,2025,called_strike,2025-06-03 00:00:00,8,Bot,1,0,1,78.3,3001,-2.82,3.82,5.8,2.23,0.31,3.7199999999999998,26.759999999999998,3.7199999999999998,26.759999999999998,3001,1.5005,27.017327773116275,25.516827773116276,25.516827773116276,27.648,7.914164509047649,1,6.009831514028697,138.51275017866885
664076_778298_51_2,664076,"Cleavinger, Garrett",ST,Sweeper,2025,swinging_strike,2025-04-16 00:00:00,7,Top,2,0,1,80.5,2782,1.02,5.17,5.9,-1.93,-0.02,-0.24,-23.16,0.24,23.16,2782,1.391,23.16124348993378,21.770243489933783,21.770243489933783,27.504,-179.40628260378745,1,5.919502976762087,137.56107067981338
601713_778514_3_5,601713,"Pivetta, Nick",FF,4-Seam Fastball,2025,swinging_strike,2025-03-30 00:00:00,1,Top,2,3,1,94.0,2278,-0.3,6.9,6.9,0.02,2.16,25.92,0.24,25.92,0.24,2278,1.139,25.921111087297167,24.782111087297167,24.782111087297167,30.816000000000003,89.4694986833262,1,5.883709620873895,137.18396058786658
677865_776596_62_2,677865,"Bruihl, Justin",ST,Sweeper,2025,called_strike,2025-08-25 00:00:00,8,Top,0,0,1,78.0,2643,3.39,5.04,6.9,-1.98,-0.18,-2.16,-23.759999999999998,2.16,23.759999999999998,2643,1.3215000000000001,23.857979797124482,22.536479797124482,22.536479797124482,25.919999999999998,-174.8055710922652,1,5.87033228957085,137.04302027890387
641927_777861_5_3,641927,"Ober, Bailey",CH,Changeup,2025,swinging_strike,2025-05-19 00:00:00,1,Top,2,0,2,82.4,1841,-1.38,6.12,7.2,-2.22,0.24,2.88,-26.64,2.88,26.64,1841,0.9205,26.795223454936888,25.874723454936888,25.874723454936888,28.512,173.8298249049704,1,5.859888643650773,136.9329885656026
687330_778899_30_4,687330,"Kelly, Kevin",ST,Sweeper,2025,swinging_strike,2025-03-24 00:00:00,3,Bot,0,1,2,76.3,2655,-1.91,3.87,6.3,2.19,0.33,3.96,26.28,3.96,26.28,2655,1.3275000000000001,26.576681508420123,25.249181508420122,25.249181508420122,26.784,8.569141879837643,1,5.825584256713019,136.5715658883693
669302_776602_42_2,669302,"Gilbert, Logan",SL,Slider,2025,swinging_strike,2025-08-24 00:00:00,5,Top,1,1,0,88.3,1858,-0.62,5.9,7.5,-0.04,-0.01,-0.12,-0.48,0.12,0.48,1858,0.929,0.49477267507411926,-0.4342273249258808,0.4342273249258808,0.432,-165.96375653207352,1,5.813424323235802,136.44345178680294
622491_777225_26_2,622491,"Castillo, Luis",SL,Slider,2025,swinging_strike,2025-07-05 00:00:00,4,Top,2,1,0,85.6,2247,-2.16,4.85,5.6,-0.04,-0.01,-0.12,-0.48,0.12,0.48,2247,1.1235,0.49477267507411926,-0.6287273249258807,0.6287273249258807,0.432,-165.96375653207352,1,5.813406943793233,136.44326868122306
622491_777453_11_1,622491,"Castillo, Luis",SL,Slider,2025,swinging_strike,2025-06-18 00:00:00,2,Top,1,0,0,84.1,2128,-2.36,4.85,5.4,-0.03,-0.01,-0.12,-0.36,0.12,0.36,2128,1.064,0.3794733192202055,-0.6845266807797945,0.6845266807797945,0.288,-161.565051177078,1,5.812813203769281,136.43701318074068
689266_776346_63_2,689266,"Dodd, Dylan",SL,Slider,2025,swinging_strike,2025-09-13 00:00:00,8,Top,2,0,1,83.0,2455,2.51,5.97,6.4,-0.03,-0.01,-0.12,-0.36,0.12,0.36,2455,1.2275,0.3794733192202055,-0.8480266807797945,0.8480266807797945,0.288,-161.565051177078,1,5.812798581509873,136.436859124172
669302_778334_20_3,669302,"Gilbert, Logan",SL,Slider,2025,called_strike,2025-04-13 00:00:00,3,Top,2,2,0,86.3,1821,-1.15,5.58,7.3,-0.05,-0.01,-0.12,-0.6000000000000001,0.12,0.6000000000000001,1821,0.9105,0.6118823416311343,-0.29861765836886567,0.29861765836886567,0.5760000000000001,-168.6900675259798,1,5.806659292664072,136.37217707009583
605177_779108_68_5,605177,"Chafin, Andrew",SL,Slider,2025,swinging_strike,2025-03-17 00:00:00,7,Top,2,2,2,80.1,2372,2.34,6.35,6.3,-0.05,-0.01,-0.12,-0.6000000000000001,0.12,0.6000000000000001,2372,1.186,0.6118823416311343,-0.5741176583688656,0.5741176583688656,0.5760000000000001,-168.6900675259798,1,5.806634692130658,136.37191788485913
623352_777895_73_1,623352,"Hader, Josh",SL,Slider,2025,swinging_strike,2025-05-16 00:00:00,9,Bot,0,0,0,81.9,2376,3.26,5.53,6.3,-0.05,-0.01,-0.12,-0.6000000000000001,0.12,0.6000000000000001,2376,1.188,0.6118823416311343,-0.5761176583688656,0.5761176583688656,0.5760000000000001,-168.6900675259798,1,5.806634513542401,136.3719160032967
623352_777800_75_1,623352,"Hader, Josh",SL,Slider,2025,swinging_strike,2025-05-23 00:00:00,9,Top,1,0,0,82.2,2655,3.2,5.69,6.2,-0.05,-0.01,-0.12,-0.6000000000000001,0.12,0.6000000000000001,2655,1.3275000000000001,0.6118823416311343,-0.7156176583688658,0.7156176583688658,0.5760000000000001,-168.6900675259798,1,5.806622057011772,136.37178476431967
623211_778117_3_3,623211,"Brazobán, Huascar",CH,Changeup,2025,swinging_strike,2025-04-30 00:00:00,1,Top,2,0,2,91.0,1916,-1.4,6.14,5.8,-1.89,-0.02,-0.24,-22.68,0.24,22.68,1916,0.9580000000000001,22.68126980572296,21.72326980572296,21.72326980572296,26.928,-179.39371808448266,1,5.803090123484111,136.33457317171218
677865_776567_60_1,677865,"Bruihl, Justin",ST,Sweeper,2025,called_strike,2025-08-27 00:00:00,7,Top,1,0,0,78.1,2558,3.37,4.94,6.8,-1.97,-0.2,-2.4000000000000004,-23.64,2.4000000000000004,23.64,2558,1.2790000000000001,23.76151510320838,22.48251510320838,22.48251510320838,25.488000000000003,-174.20303138093,1,5.803064840498482,136.33430679632494
669456_813043_15_3,669456,"Bieber, Shane",SL,Slider,2025,swinging_strike,2025-10-15 00:00:00,2,Bot,1,0,2,86.2,2681,-1.64,5.56,6.7,-0.06,-0.01,-0.12,-0.72,0.12,0.72,2681,1.3405,0.7299315036357863,-0.6105684963642137,0.6105684963642137,0.72,-170.53767779197437,1,5.795970691583496,136.25956456880175
671106_778022_24_2,671106,"Allen, Logan",ST,Sweeper,2025,swinging_strike,2025-05-07 00:00:00,3,Bot,0,0,1,75.4,2334,2.6,5.21,6.2,-1.91,-0.06,-0.72,-22.919999999999998,0.72,22.919999999999998,2334,1.167,22.93130611195097,21.76430611195097,21.76430611195097,26.639999999999997,-178.20072427586592,1,5.792816124491343,136.22632881717536
605488_777576_44_1,605488,"Springs, Jeffrey",ST,Sweeper,2025,swinging_strike,2025-06-09 00:00:00,6,Bot,2,0,0,74.8,2488,2.6,5.98,5.7,-2.02,-0.37,-4.4399999999999995,-24.240000000000002,4.4399999999999995,24.240000000000002,2488,1.244,24.643279002600284,23.399279002600284,23.399279002600284,23.760000000000005,-169.62028975043225,1,5.790429502554023,136.20118394892003
676263_776297_52_1,676263,"Dreyer, Jack",SL,Slider,2025,called_strike,2025-09-16 00:00:00,7,Top,1,0,0,86.6,2277,1.29,5.84,6.9,-0.07,-0.01,-0.12,-0.8400000000000001,0.12,0.8400000000000001,2277,1.1385,0.8485281374238571,-0.28997186257614294,0.28997186257614294,0.8640000000000001,-171.86989764584405,1,5.78307922435519,136.12374320555818
605135_778446_22_2,605135,"Bassitt, Chris",ST,Sweeper,2025,swinging_strike,2025-04-05 00:00:00,3,Bot,0,0,1,71.6,2304,-2.9,5.23,6.2,2.11,-0.04,-0.48,25.32,0.48,25.32,2304,1.1520000000000001,25.324549354332053,24.17254935433205,24.17254935433205,29.808,-1.0860458260064,1,5.773275022634462,136.02044852081508
656641_777443_31_2,656641,"Latz, Jacob",SL,Slider,2025,swinging_strike,2025-06-19 00:00:00,5,Top,2,1,0,84.6,2510,1.81,5.82,6.7,-0.08,-0.01,-0.12,-0.96,0.12,0.96,2510,1.2550000000000001,0.9674709297958259,-0.2875290702041742,0.2875290702041742,1.008,-172.8749836510982,1,5.768752344692325,135.9727986860264
693821_778367_33_2,693821,"Elder, Bryce",SL,Slider,2025,called_strike,2025-04-11 00:00:00,4,Bot,1,1,0,83.8,2603,-0.54,6.49,5.9,-0.08,-0.01,-0.12,-0.96,0.12,0.96,2603,1.3015,0.9674709297958259,-0.33402907020417416,0.33402907020417416,1.008,-172.8749836510982,1,5.768748198990695,135.97275500792233
663554_778424_36_2,663554,"Mize, Casey",SV,Slurve,2025,called_strike,2025-04-07 00:00:00,5,Top,2,1,0,83.9,1916,-2.38,5.63,6.9,-0.08,-0.01,-0.12,-0.96,0.12,0.96,1916,0.9580000000000001,0.9674709297958259,0.009470929795825866,0.009470929795825866,1.008,-172.8749836510982,1,5.7671481088028935,135.955896846879
701542_778140_25_1,701542,"Warren, Will",ST,Sweeper,2025,called_strike,2025-04-28 00:00:00,3,Bot,0,0,0,82.2,3071,-2.49,5.67,6.4,2.14,-0.14,-1.6800000000000002,25.68,1.6800000000000002,25.68,3071,1.5355,25.734894598579572,24.199394598579573,24.199394598579573,28.799999999999997,-3.742988295687135,1,5.759525451777555,135.8755863864493
668674_778917_54_2,668674,"Erceg, Lucas",SL,Slider,2025,swinging_strike,2025-03-19 00:00:00,8,Top,2,1,0,85.3,2237,-2.23,5.9,6.4,-0.09,-0.01,-0.12,-1.08,0.12,1.08,2237,1.1185,1.08664621657649,-0.031853783423509974,0.031853783423509974,1.1520000000000001,-173.6598082540901,1,5.753529390445491,135.81241334262194
579328_777279_18_3,579328,"Kikuchi, Yusei",SL,Slider,2025,called_strike,2025-07-02 00:00:00,2,Bot,1,2,0,86.3,2247,2.36,5.46,6.9,-0.09,-0.01,-0.12,-1.08,0.12,1.08,2247,1.1235,1.08664621657649,-0.03685378342350987,0.03685378342350987,1.1520000000000001,-173.6598082540901,1,5.7535289448784175,135.81240864823562
672282_777315_62_1,672282,"Detmers, Reid",SL,Slider,2025,swinging_strike,2025-06-28 00:00:00,8,Top,0,0,0,89.0,2341,1.49,6.11,6.6,-0.09,-0.01,-0.12,-1.08,0.12,1.08,2341,1.1705,1.08664621657649,-0.08385378342351002,0.08385378342351002,1.1520000000000001,-173.6598082540901,1,5.75352475654796,135.8123645210046
674841_776498_34_2,674841,"Alvarez, Andrew",SL,Slider,2025,swinging_strike,2025-09-01 00:00:00,5,Top,2,1,0,81.5,2677,1.08,6.23,6.3,-0.09,-0.01,-0.12,-1.08,0.12,1.08,2677,1.3385,1.08664621657649,-0.25185378342350995,0.25185378342350995,1.1520000000000001,-173.6598082540901,1,5.753509785495016,135.81220678963206
642207_778355_79_4,642207,"Williams, Devin",CH,Changeup,2025,swinging_strike,2025-04-12 00:00:00,9,Top,1,2,1,84.7,2514,-2.28,5.24,7.2,-2.0,-0.33,-3.96,-24.0,3.96,24.0,2514,1.2570000000000001,24.324506161482496,23.067506161482495,23.067506161482495,24.048,-170.6306149035125,1,5.752222008756348,135.79863908712764
605447_778467_63_2,605447,"Romano, Jordan",SL,Slider,2025,called_strike,2025-04-03 00:00:00,8,Top,2,0,1,86.9,1918,-1.71,6.48,7.7,-0.05,-0.02,-0.24,-0.6000000000000001,0.24,0.6000000000000001,1918,0.9590000000000001,0.6462197768561405,-0.31278022314385956,0.31278022314385956,0.4320000000000001,-158.19859051364818,1,5.751745351406969,135.7936171412276
668674_777177_61_5,668674,"Erceg, Lucas",SL,Slider,2025,swinging_strike,2025-07-09 00:00:00,8,Top,0,2,2,85.6,2099,-2.05,6.11,6.4,-0.04,-0.02,-0.24,-0.48,0.24,0.48,2099,1.0495,0.5366563145999496,-0.5128436854000505,0.5128436854000505,0.288,-153.434948822922,1,5.749724441078471,135.7723253215341
645261_778562_30_1,645261,"Alcantara, Sandy",SI,Sinker,2025,called_strike,2025-03-27 00:00:00,5,Top,1,0,0,95.4,2381,-1.78,5.83,6.0,-2.14,1.12,13.440000000000001,-25.68,13.440000000000001,25.68,2381,1.1905000000000001,28.984409602405222,27.793909602405222,27.793909602405222,14.687999999999997,152.37403713265778,1,5.7496603423889585,135.77164999333155
664294_776801_61_1,664294,"Moreta, Dauri",SL,Slider,2025,swinging_strike,2025-08-10 00:00:00,7,Top,2,0,0,83.2,1962,-0.99,5.94,6.5,-0.06,-0.02,-0.24,-0.72,0.24,0.72,1962,0.981,0.758946638440411,-0.222053361559589,0.222053361559589,0.576,-161.565051177078,1,5.7477848408848455,135.75189016564534
623352_777608_71_3,623352,"Hader, Josh",SL,Slider,2025,swinging_strike,2025-06-07 00:00:00,9,Bot,0,1,1,83.5,2602,3.35,5.35,6.3,-0.07,-0.02,-0.24,-0.8400000000000001,0.24,0.8400000000000001,2602,1.301,0.8736131867136623,-0.42738681328633765,0.42738681328633765,0.7200000000000001,-164.05460409907715,1,5.740013063866425,135.67000861323763
622491_778838_25_1,622491,"Castillo, Luis",SL,Slider,2025,called_strike,2025-03-22 00:00:00,2,Bot,2,0,0,84.2,2161,-2.55,5.11,5.3,-0.03,-0.02,-0.24,-0.36,0.24,0.36,2161,1.0805,0.4326661530556787,-0.6478338469443213,0.6478338469443213,0.144,-146.30993247402023,1,5.737842588458223,135.64714101224172
813882_787997_62_3,813882,"Choban, Brady",FC,Cutter,2025,swinging_strike,2025-03-25 00:00:00,9,Top,1,1,1,87.2,2234,-1.43,6.66,6.1,-0.01,-0.01,-0.12,-0.12,0.12,0.12,2234,1.117,0.16970562748477142,-0.9472943725152285,0.9472943725152285,0.0,-135.0,1,5.737357449951781,135.64202971093366
666974_777986_62_3,666974,"Cano, Yennier",SL,Slider,2025,swinging_strike,2025-05-09 00:00:00,8,Bot,1,1,1,88.7,2360,-2.6,5.28,6.3,-0.01,-0.01,-0.12,-0.12,0.12,0.12,2360,1.18,0.16970562748477142,-1.0102943725152285,1.0102943725152285,0.0,-135.0,1,5.73735179744489,135.64197015749588
607192_776408_1_10,607192,"Glasnow, Tyler",SL,Slider,2025,swinging_strike,2025-09-08 00:00:00,1,Top,0,3,2,89.6,2515,-1.71,5.72,7.8,-0.01,-0.01,-0.12,-0.12,0.12,0.12,2515,1.2575,0.16970562748477142,-1.0877943725152286,1.0877943725152286,0.0,-135.0,1,5.73734484396427,135.6418968973153
571760_778519_15_1,571760,"Heaney, Andrew",SL,Slider,2025,swinging_strike,2025-03-30 00:00:00,2,Bot,1,0,0,80.6,2546,3.01,4.88,6.1,-0.08,-0.02,-0.24,-0.96,0.24,0.96,2546,1.2730000000000001,0.9895453501482385,-0.2834546498517616,0.2834546498517616,0.864,-165.96375653207352,1,5.729766483666167,135.56205313642988
668941_776416_62_8,668941,"Romero, JoJo",SL,Slider,2025,called_strike,2025-09-07 00:00:00,8,Top,1,3,2,81.3,2904,2.08,5.33,5.1,-1.94,-0.16,-1.92,-23.28,1.92,23.28,2904,1.452,23.35904107620859,21.907041076208593,21.907041076208593,25.631999999999998,-175.28524548129505,1,5.721399211626573,135.47389759331588
656986_776991_45_5,656986,"Sousa, Bennett",SL,Slider,2025,swinging_strike_blocked,2025-07-26 00:00:00,6,Top,1,2,2,83.2,2270,1.11,6.38,6.7,-0.09,-0.02,-0.24,-1.08,0.24,1.08,2270,1.135,1.1063453348751466,-0.028654665124853373,0.028654665124853373,1.008,-167.47119229084848,1,5.717808632084988,135.43606812056964
689690_778499_49_3,689690,"Jacob, Alek",CH,Changeup,2025,swinging_strike,2025-03-31 00:00:00,6,Top,1,1,1,75.5,2185,-3.51,3.71,7.0,-1.9,-0.09,-1.08,-22.799999999999997,1.08,22.799999999999997,2185,1.0925,22.825564615141502,21.7330646151415,21.7330646151415,26.063999999999997,-177.28801653255505,1,5.709446278011036,135.34796439194554
676263_776454_51_4,676263,"Dreyer, Jack",SL,Slider,2025,called_strike,2025-09-05 00:00:00,6,Bot,2,2,1,85.4,2113,2.34,5.96,6.6,-0.02,-0.02,-0.24,-0.24,0.24,0.24,2113,1.0565,0.33941125496954283,-0.7170887450304572,0.7170887450304572,0.0,-135.0,1,5.709232955523448,135.34571687810077
608566_777673_29_5,608566,"Márquez, Germán",KC,Knuckle Curve,2025,swinging_strike_blocked,2025-06-02 00:00:00,3,Bot,1,2,2,87.7,2621,-2.23,6.26,5.5,-0.02,-0.02,-0.24,-0.24,0.24,0.24,2621,1.3105,0.33941125496954283,-0.9710887450304572,0.9710887450304572,0.0,-135.0,1,5.709210165831845,135.34547677145298
804636_776548_48_1,804636,"Tong, Jonah",FF,4-Seam Fastball,2025,swinging_strike,2025-08-29 00:00:00,5,Top,1,0,0,94.9,2250,-2.41,5.79,7.0,-0.33,2.2,26.400000000000002,-3.96,26.400000000000002,3.96,2250,1.125,26.695347909326827,25.570347909326827,25.570347909326827,26.928,98.53076560994813,1,5.704192292037634,135.2926096736088
666200_777702_13_3,666200,"Luzardo, Jesús",SL,Slider,2025,swinging_strike_blocked,2025-05-31 00:00:00,2,Top,0,0,2,86.3,2409,2.29,5.92,6.0,-0.06,-0.03,-0.36,-0.72,0.36,0.72,2409,1.2045000000000001,0.8049844718999243,-0.39951552810007585,0.39951552810007585,0.432,-153.434948822922,1,5.703478928214257,135.28509384587068
571510_776440_32_2,571510,"Boyd, Matthew",SL,Slider,2025,swinging_strike,2025-09-06 00:00:00,5,Top,1,0,1,83.3,2571,2.79,4.9,6.2,-0.05,-0.03,-0.36,-0.6000000000000001,0.36,0.6000000000000001,2571,1.2855,0.6997142273814361,-0.585785772618564,0.585785772618564,0.2880000000000001,-149.03624346792648,1,5.703098835421246,135.28108928065
689690_778998_42_3,689690,"Jacob, Alek",CH,Changeup,2025,called_strike,2025-03-20 00:00:00,6,Top,1,1,1,77.1,2370,-2.31,3.92,7.6,-1.87,-0.02,-0.24,-22.44,0.24,22.44,2370,1.185,22.441283385760272,21.256283385760273,21.256283385760273,26.640000000000004,-179.387234277736,1,5.702107916519278,135.27064920011105
702070_777642_22_3,702070,"Cameron, Noah",SL,Slider,2025,swinging_strike,2025-06-05 00:00:00,3,Bot,0,1,1,85.1,2399,1.51,6.3,6.3,-0.1,-0.02,-0.24,-1.2000000000000002,0.24,1.2000000000000002,2399,1.1995,1.2237646832622686,0.024264683262268605,0.024264683262268605,1.1520000000000001,-168.6900675259798,1,5.700434502017605,135.25301851193075
668674_777536_54_6,668674,"Erceg, Lucas",SL,Slider,2025,called_strike,2025-06-12 00:00:00,8,Top,0,3,2,85.9,1836,-1.84,6.09,6.4,-0.07,-0.03,-0.36,-0.8400000000000001,0.36,0.8400000000000001,1836,0.918,0.9138927727036691,-0.004107227296330951,0.004107227296330951,0.5760000000000001,-156.80140948635182,1,5.6995421250159675,135.2436166448862
592094_777112_62_1,592094,"Adam, Jason",SL,Slider,2025,called_strike,2025-07-18 00:00:00,8,Bot,1,0,0,84.6,2512,-1.38,6.33,6.5,-0.04,-0.03,-0.36,-0.48,0.36,0.48,2512,1.256,0.6,-0.656,0.656,0.144,-143.13010235415598,1,5.696522145727033,135.21179887761997
650633_778172_3_4,650633,"King, Michael",SI,Sinker,2025,called_strike,2025-04-25 00:00:00,1,Top,2,2,1,92.9,2244,-3.07,5.37,5.9,-1.88,-0.05,-0.6000000000000001,-22.56,0.6000000000000001,22.56,2244,1.122,22.567977312998167,21.445977312998167,21.445977312998167,26.351999999999997,-178.47653520834817,1,5.6948803024655,135.19450081634702
656849_777087_41_2,656849,"Peterson, David",SL,Slider,2025,swinging_strike,2025-07-20 00:00:00,6,Top,0,0,1,83.6,2333,2.55,6.1,7.1,-0.11,-0.01,-0.12,-1.32,0.12,1.32,2333,1.1665,1.3254433220624713,0.1589433220624712,0.1589433220624712,1.4400000000000002,-174.8055710922652,1,5.694176877180881,135.187089698636
664208_778244_62_2,664208,"Maton, Phil",CU,Curveball,2025,called_strike,2025-04-20 00:00:00,7,Bot,2,0,1,76.0,3168,-1.67,5.2,6.9,2.18,-0.52,-6.24,26.160000000000004,6.24,26.160000000000004,3168,1.584,26.893924964571465,25.309924964571465,25.309924964571465,23.904,-13.416183481840902,1,5.691893137367853,135.1630287714191
676974_778230_3_3,676974,"Meyer, Max",SL,Slider,2025,called_strike,2025-04-21 00:00:00,1,Top,1,0,2,88.5,2767,-1.31,5.67,6.2,-0.11,-0.02,-0.24,-1.32,0.24,1.32,2767,1.3835,1.3416407864998738,-0.04185921350012611,0.04185921350012611,1.296,-169.69515353123398,1,5.690531511886723,135.14868301652567
642207_777682_67_4,642207,"Williams, Devin",CH,Changeup,2025,called_strike,2025-06-01 00:00:00,8,Bot,0,2,1,84.5,2731,-2.67,5.0,7.1,-1.91,-0.11,-1.32,-22.919999999999998,1.32,22.919999999999998,2731,1.3655,22.95797900513022,21.59247900513022,21.59247900513022,25.919999999999998,-176.7038840274537,1,5.688844479241368,135.13090885089574
671106_777861_18_5,671106,"Allen, Logan",ST,Sweeper,2025,swinging_strike,2025-05-19 00:00:00,2,Bot,2,2,2,76.0,2317,2.32,5.26,6.6,-1.87,-0.03,-0.36,-22.44,0.36,22.44,2317,1.1585,22.442887514756208,21.284387514756208,21.284387514756208,26.496000000000002,-179.08089521628577,1,5.686928437138054,135.11072189731664
592155_777805_53_2,592155,"Booser, Cam",FC,Cutter,2025,called_strike,2025-05-23 00:00:00,7,Top,2,1,0,85.7,2214,3.2,5.55,6.6,-0.1,-0.02,-0.24,-1.2000000000000002,0.24,1.2000000000000002,2214,1.107,1.2237646832622686,0.11676468326226863,0.11676468326226863,1.1520000000000001,-168.6900675259798,1,5.684507837465684,135.08521904790894
672282_776652_57_1,672282,"Detmers, Reid",SL,Slider,2025,swinging_strike,2025-08-20 00:00:00,8,Top,2,0,0,90.0,2361,1.63,6.07,6.2,-0.09,-0.03,-0.36,-1.08,0.36,1.08,2361,1.1805,1.1384199576606167,-0.04208004233938345,0.04208004233938345,0.8640000000000001,-161.565051177078,1,5.683234611167305,135.0718046453044
656686_776643_81_3,656686,"Martin, Corbin",CU,Curveball,2025,swinging_strike_blocked,2025-08-22 00:00:00,9,Top,0,0,2,86.9,2641,-2.47,5.98,6.5,-0.03,-0.03,-0.36,-0.36,0.36,0.36,2641,1.3205,0.5091168824543142,-0.8113831175456858,0.8113831175456858,0.0,-135.0,1,5.681085373717754,135.04916080227537
663738_776413_44_1,663738,"Lynch IV, Daniel",SL,Slider,2025,swinging_strike,2025-09-08 00:00:00,5,Bot,0,0,0,85.5,2228,1.33,5.74,6.5,-0.09,-0.03,-0.36,-1.08,0.36,1.08,2228,1.114,1.1384199576606167,0.024419957660616554,0.024419957660616554,0.8640000000000001,-161.565051177078,1,5.679005985771269,135.02725287662173
607455_778326_56_1,607455,"Banda, Anthony",SL,Slider,2025,swinging_strike,2025-04-14 00:00:00,7,Top,0,0,0,87.1,2144,3.05,5.4,6.1,-0.11,-0.01,-0.12,-1.32,0.12,1.32,2144,1.072,1.3254433220624713,0.2534433220624712,0.2534433220624712,1.4400000000000002,-174.8055710922652,1,5.678014468210236,135.01680648875646
669302_776977_33_5,669302,"Gilbert, Logan",SL,Slider,2025,called_strike,2025-07-27 00:00:00,5,Bot,0,3,1,85.4,1695,-0.82,5.76,7.7,-0.09,-0.02,-0.24,-1.08,0.24,1.08,1695,0.8475,1.1063453348751466,0.2588453348751466,0.2588453348751466,1.008,-167.47119229084848,1,5.673163046080208,134.9656930851616
664849_778244_54_2,664849,"Young, Danny",SI,Sinker,2025,called_strike,2025-04-20 00:00:00,7,Top,1,0,1,92.6,2378,3.15,5.22,6.2,2.13,0.2,2.4000000000000004,25.56,2.4000000000000004,25.56,2378,1.189,25.67242879043586,24.48342879043586,24.48342879043586,27.791999999999994,5.36415776233005,1,5.671276938070413,134.94582150991124
571510_777287_30_1,571510,"Boyd, Matthew",SL,Slider,2025,called_strike,2025-07-01 00:00:00,4,Top,2,0,0,82.7,2439,2.84,4.99,6.2,-0.11,-0.02,-0.24,-1.32,0.24,1.32,2439,1.2195,1.3416407864998738,0.12214078649987381,0.12214078649987381,1.296,-169.69515353123398,1,5.669545243081884,134.92757679269644
678024_777737_70_4,678024,"Vasil, Mike",ST,Sweeper,2025,called_strike,2025-05-28 00:00:00,7,Bot,2,1,2,81.8,2692,-1.68,5.72,6.2,2.15,-0.35,-4.199999999999999,25.799999999999997,4.199999999999999,25.799999999999997,2692,1.346,26.139625092950354,24.793625092950354,24.793625092950354,25.919999999999998,-9.24611274556325,1,5.667806709309654,134.90926002371992
605447_777880_60_3,605447,"Romano, Jordan",SL,Slider,2025,called_strike,2025-05-18 00:00:00,9,Top,2,1,1,83.9,2100,-2.13,6.01,7.6,-0.06,-0.04,-0.48,-0.72,0.48,0.72,2100,1.05,0.8653323061113574,-0.18466769388864268,0.18466769388864268,0.288,-146.30993247402023,1,5.6637147791468845,134.8661484427678
656849_778346_31_1,656849,"Peterson, David",SL,Slider,2025,called_strike,2025-04-12 00:00:00,4,Bot,1,0,0,85.9,2369,2.75,5.96,6.9,-0.06,-0.04,-0.48,-0.72,0.48,0.72,2369,1.1845,0.8653323061113574,-0.31916769388864275,0.31916769388864275,0.288,-146.30993247402023,1,5.663702725480476,134.86602144827023
620454_777954_72_1,620454,"Castillo, José",SL,Slider,2025,called_strike,2025-05-11 00:00:00,9,Top,1,0,0,84.2,2380,3.17,5.75,6.3,-0.12,-0.01,-0.12,-1.44,0.12,1.44,2380,1.19,1.4449913494550755,0.2549913494550755,0.2549913494550755,1.5839999999999999,-175.2363583092738,1,5.661239546464292,134.84006999325226
657571_777325_58_4,657571,"Ferguson, Caleb",FC,Cutter,2025,swinging_strike,2025-06-28 00:00:00,7,Top,1,0,2,87.8,2660,2.37,5.85,6.4,-0.05,-0.04,-0.48,-0.6000000000000001,0.48,0.6000000000000001,2660,1.33,0.7683749084919419,-0.5616250915080582,0.5616250915080582,0.14400000000000013,-141.34019174590992,1,5.661058682474908,134.83816445425003
696136_777153_54_2,696136,"Wicks, Jordan",SL,Slider,2025,called_strike,2025-07-11 00:00:00,7,Bot,0,1,0,86.8,2554,2.06,6.22,6.3,-0.08,-0.04,-0.48,-0.96,0.48,0.96,2554,1.2770000000000001,1.0733126291998991,-0.20368737080010102,0.20368737080010102,0.576,-153.434948822922,1,5.657396112369159,134.79957650642933
592662_776608_43_1,592662,"Ray, Robbie",KC,Knuckle Curve,2025,swinging_strike,2025-08-24 00:00:00,5,Bot,0,0,0,77.7,2012,2.8,6.01,5.9,-0.04,-0.04,-0.48,-0.48,0.48,0.48,2012,1.006,0.6788225099390857,-0.32717749006091434,0.32717749006091434,0.0,-135.0,1,5.652995815185771,134.75321604554927
678606_776743_58_3,678606,"Ferrer, Jose A.",SL,Slider,2025,swinging_strike,2025-08-14 00:00:00,8,Top,0,1,1,90.7,2550,3.24,5.76,5.9,-0.04,-0.04,-0.48,-0.48,0.48,0.48,2550,1.2750000000000001,0.6788225099390857,-0.5961774900609145,0.5961774900609145,0.0,-135.0,1,5.652971679251787,134.7529617552192
607074_777153_12_5,607074,"Rodón, Carlos",SL,Slider,2025,swinging_strike,2025-07-11 00:00:00,2,Top,2,2,2,87.2,2705,2.53,6.21,6.0,-0.13,-0.01,-0.12,-1.56,0.12,1.56,2705,1.3525,1.5646085772486358,0.21210857724863574,0.21210857724863574,1.728,-175.6012946450045,1,5.651834234718139,134.74097791626292
605177_789324_29_5,605177,"Chafin, Andrew",SL,Slider,2025,swinging_strike,2025-03-24 00:00:00,4,Bot,0,3,1,79.7,2457,2.27,6.51,6.3,-0.09,-0.04,-0.48,-1.08,0.48,1.08,2457,1.2285,1.1818629362155326,-0.0466370637844673,0.0466370637844673,0.7200000000000001,-156.03751102542185,1,5.65024179368041,134.7242003448043
656986_776835_58_1,656986,"Sousa, Bennett",SL,Slider,2025,called_strike,2025-08-08 00:00:00,7,Bot,2,0,0,86.4,2245,1.11,6.36,6.5,-0.1,-0.03,-0.36,-1.2000000000000002,0.36,1.2000000000000002,2245,1.1225,1.2528367810692662,0.13033678106926616,0.13033678106926616,1.0080000000000002,-163.3007557660064,1,5.64981231054675,134.71967541496733
596295_776904_24_1,596295,"Gomber, Austin",SL,Slider,2025,swinging_strike,2025-08-02 00:00:00,4,Top,0,0,0,81.7,2203,2.3,6.49,6.9,-0.11,-0.02,-0.24,-1.32,0.24,1.32,2203,1.1015,1.3416407864998738,0.24014078649987392,0.24014078649987392,1.296,-169.69515353123398,1,5.649277419942107,134.71403993765335
669022_778555_28_1,669022,"Gore, MacKenzie",SL,Slider,2025,swinging_strike,2025-03-27 00:00:00,5,Top,2,0,0,85.7,2175,1.96,5.57,7.0,-0.11,-0.02,-0.24,-1.32,0.24,1.32,2175,1.0875000000000001,1.3416407864998738,0.2541407864998737,0.2541407864998737,1.296,-169.69515353123398,1,5.6468734582698055,134.68871238216764
671131_777398_73_1,671131,"Rutledge, Jackson",SL,Slider,2025,called_strike,2025-06-22 00:00:00,8,Bot,1,0,0,84.8,2058,-2.3,5.95,6.2,-0.01,-0.02,-0.24,-0.12,0.24,0.12,2058,1.029,0.2683281572999748,-0.7606718427000252,0.7606718427000252,0.144,-116.56505117707799,1,5.6465337230606245,134.6851330146344
650911_776297_16_5,650911,"Sánchez, Cristopher",SL,Slider,2025,swinging_strike,2025-09-16 00:00:00,2,Bot,1,2,2,87.5,2103,1.79,5.87,6.5,-0.01,-0.02,-0.24,-0.12,0.24,0.12,2103,1.0515,0.2683281572999748,-0.7831718427000254,0.7831718427000254,0.144,-116.56505117707799,1,5.6465317029322994,134.68511173105372
694462_776738_47_3,694462,"Waldrep, Hurston",SL,Slider,2025,called_strike,2025-08-15 00:00:00,6,Bot,2,2,0,88.2,2279,-1.03,6.03,6.6,-0.02,-0.03,-0.36,-0.24,0.36,0.24,2279,1.1395,0.4326661530556787,-0.7068338469443213,0.7068338469443213,0.144,-123.69006752597979,1,5.646063563445109,134.68017952727797
623474_778082_46_2,623474,"Herget, Jimmy",SI,Sinker,2025,swinging_strike,2025-05-02 00:00:00,6,Bot,1,0,1,91.1,2509,-2.76,4.46,4.9,-1.98,-0.35,-4.199999999999999,-23.759999999999998,4.199999999999999,23.759999999999998,2509,1.2545,24.128356761288156,22.873856761288156,22.873856761288156,23.471999999999998,-169.97551320405339,1,5.64087290063697,134.62549196640896
687888_777414_9_5,687888,"Walter, Brandon",ST,Sweeper,2025,swinging_strike,2025-06-21 00:00:00,1,Bot,2,2,2,78.9,2710,2.5,5.41,6.3,-1.99,-0.38,-4.5600000000000005,-23.88,4.5600000000000005,23.88,2710,1.355,24.311478770325756,22.956478770325756,22.956478770325756,23.184,-169.18924368152983,1,5.634927175083684,134.56284924810407
666142_777635_33_2,666142,"Ragans, Cole",SL,Slider,2025,swinging_strike,2025-06-05 00:00:00,3,Bot,2,0,1,83.5,2617,1.57,6.07,6.2,-0.03,-0.04,-0.48,-0.36,0.48,0.36,2617,1.3085,0.6,-0.7085,0.7085,0.144,-126.86989764584402,1,5.630542142328306,134.5166496095249
663460_778215_41_6,663460,"Bubic, Kris",SL,Slider,2025,called_strike,2025-04-22 00:00:00,7,Top,0,3,2,85.5,2366,2.11,5.71,6.7,-0.06,-0.05,-0.6000000000000001,-0.72,0.6000000000000001,0.72,2366,1.183,0.9372299611087985,-0.24577003889120153,0.24577003889120153,0.14399999999999985,-140.1944289077348,1,5.62829785459215,134.49300433979437
650911_776297_17_4,650911,"Sánchez, Cristopher",SL,Slider,2025,swinging_strike,2025-09-16 00:00:00,2,Bot,2,2,1,88.0,2144,1.67,5.89,6.6,-0.07,-0.05,-0.6000000000000001,-0.8400000000000001,0.6000000000000001,0.8400000000000001,2144,1.072,1.0322790320451154,-0.03972096795488467,0.03972096795488467,0.288,-144.46232220802563,1,5.628033189749047,134.49021589537944
668674_777297_68_4,668674,"Erceg, Lucas",SL,Slider,2025,swinging_strike_blocked,2025-06-30 00:00:00,8,Bot,2,0,2,86.3,1913,-1.67,5.99,6.4,-0.05,-0.05,-0.6000000000000001,-0.6000000000000001,0.6000000000000001,0.6000000000000001,1913,0.9565,0.8485281374238571,-0.10797186257614289,0.10797186257614289,0.0,-135.0,1,5.624888689527755,134.457086205856
622491_777774_26_1,622491,"Castillo, Luis",SL,Slider,2025,called_strike,2025-05-25 00:00:00,3,Bot,0,0,0,84.4,2332,-2.2,5.13,5.3,-0.05,-0.05,-0.6000000000000001,-0.6000000000000001,0.6000000000000001,0.6000000000000001,2332,1.166,0.8485281374238571,-0.3174718625761428,0.3174718625761428,0.0,-135.0,1,5.624869892086029,134.4568881605819
687931_776802_17_1,687931,"Whisenhunt, Carson",SL,Slider,2025,swinging_strike,2025-08-09 00:00:00,3,Top,0,0,0,84.1,2431,2.1,6.33,6.5,-0.05,-0.05,-0.6000000000000001,-0.6000000000000001,0.6000000000000001,0.6000000000000001,2431,1.2155,0.8485281374238571,-0.3669718625761429,0.3669718625761429,0.0,-135.0,1,5.624865450685813,134.45684136706947
680729_778417_57_1,680729,"McDaniels, Garrett",SL,Slider,2025,swinging_strike,2025-04-08 00:00:00,7,Bot,2,0,0,86.0,2525,1.91,6.13,5.6,-0.08,-0.05,-0.6000000000000001,-0.96,0.6000000000000001,0.96,2525,1.2625,1.1320777358467924,-0.13042226415320757,0.13042226415320757,0.43199999999999983,-147.9946167919165,1,5.6247425617745925,134.45554663939
571578_778213_16_3,571578,"Corbin, Patrick",SL,Slider,2025,swinging_strike,2025-04-22 00:00:00,2,Bot,0,0,2,81.9,2254,2.42,6.23,6.8,-0.08,-0.05,-0.6000000000000001,-0.96,0.6000000000000001,0.96,2254,1.127,1.1320777358467924,0.005077735846792386,0.005077735846792386,0.43199999999999983,-147.9946167919165,1,5.623865117230849,134.44630209708995
518397_777976_61_2,518397,"Alexander, Scott",SL,Slider,2025,swinging_strike,2025-05-10 00:00:00,6,Top,1,0,1,85.5,2491,1.38,5.57,6.2,-0.09,-0.05,-0.6000000000000001,-1.08,0.6000000000000001,1.08,2491,1.2455,1.2354756169184402,-0.01002438308155984,0.01002438308155984,0.576,-150.94539590092285,1,5.619070519511223,134.3957873816622
820862_776376_46_1,820862,"Fermin, José",SL,Slider,2025,called_strike,2025-09-10 00:00:00,6,Top,1,0,0,92.0,2639,-1.72,6.24,5.6,-0.12,-0.03,-0.36,-1.44,0.36,1.44,2639,1.3195000000000001,1.4843180252223578,0.16481802522235767,0.16481802522235767,1.296,-165.96375653207352,1,5.618821193899683,134.39316054766022
682254_776949_40_4,682254,"Montgomery, Mason",SL,Slider,2025,swinging_strike,2025-07-29 00:00:00,4,Bot,2,1,2,89.5,2629,1.4,5.84,6.7,-0.12,-0.03,-0.36,-1.44,0.36,1.44,2629,1.3145,1.4843180252223578,0.16981802522235778,0.16981802522235778,1.296,-165.96375653207352,1,5.617960739793026,134.38409501247287
645261_778562_8_1,645261,"Alcantara, Sandy",SI,Sinker,2025,called_strike,2025-03-27 00:00:00,2,Top,1,0,0,98.4,2406,-1.9,5.85,5.9,-2.19,0.49,5.88,-26.28,5.88,26.28,2406,1.203,26.929775342546026,25.726775342546027,25.726775342546027,24.48,167.38811485340094,1,5.616432137300375,134.3679900283983
693313_777058_80_3,693313,"Seymour, Carson",SL,Slider,2025,swinging_strike_blocked,2025-07-22 00:00:00,9,Bot,2,0,2,87.3,1809,-1.81,6.02,6.8,-0.11,-0.02,-0.24,-1.32,0.24,1.32,1809,0.9045,1.3416407864998738,0.43714078649987387,0.43714078649987387,1.296,-169.69515353123398,1,5.615463939821495,134.35778933524668
687931_776557_3_1,687931,"Whisenhunt, Carson",SL,Slider,2025,called_strike,2025-08-27 00:00:00,1,Top,1,0,0,84.0,2587,2.09,6.24,6.6,-0.13,-0.02,-0.24,-1.56,0.24,1.56,2587,1.2935,1.5783535725559086,0.2848535725559085,0.2848535725559085,1.584,-171.2538377374448,1,5.611852232128277,134.31973726143363
664294_776844_41_2,664294,"Moreta, Dauri",SL,Slider,2025,called_strike,2025-08-06 00:00:00,6,Top,0,1,0,82.6,1918,-1.06,6.02,6.3,-0.09,-0.04,-0.48,-1.08,0.48,1.08,1918,0.9590000000000001,1.1818629362155326,0.22286293621553255,0.22286293621553255,0.7200000000000001,-156.03751102542185,1,5.611480569385864,134.3158215131757
621366_777729_78_5,621366,"Borucki, Ryan",SL,Slider,2025,called_strike,2025-05-28 00:00:00,9,Bot,2,2,2,84.7,2163,1.84,5.53,6.7,-0.12,-0.02,-0.24,-1.44,0.24,1.44,2163,1.0815000000000001,1.4598630072715726,0.37836300727157246,0.37836300727157246,1.44,-170.53767779197437,1,5.610948346146186,134.31021413857025
669302_776977_25_4,669302,"Gilbert, Logan",SL,Slider,2025,swinging_strike,2025-07-27 00:00:00,4,Bot,2,2,1,88.1,1862,-0.94,5.72,7.5,-0.07,-0.05,-0.6000000000000001,-0.8400000000000001,0.6000000000000001,0.8400000000000001,1862,0.931,1.0322790320451154,0.10127903204511535,0.10127903204511535,0.288,-144.46232220802563,1,5.610253844205576,134.30289703504135
667297_776567_50_2,667297,"Nance, Tommy",SL,Slider,2025,called_strike,2025-08-27 00:00:00,6,Top,0,1,0,88.0,2459,-1.57,5.92,6.2,-0.04,-0.05,-0.6000000000000001,-0.48,0.6000000000000001,0.48,2459,1.2295,0.7683749084919419,-0.46112509150805814,0.46112509150805814,0.14400000000000013,-128.6598082540901,1,5.609607347264816,134.29608570051505
702070_777799_23_2,702070,"Cameron, Noah",SL,Slider,2025,swinging_strike,2025-05-23 00:00:00,3,Bot,0,0,1,79.9,2517,1.49,6.62,6.3,-0.04,-0.05,-0.6000000000000001,-0.48,0.6000000000000001,0.48,2517,1.2585,0.7683749084919419,-0.49012509150805805,0.49012509150805805,0.14400000000000013,-128.6598082540901,1,5.609604744964016,134.29605828330676
669302_777403_25_7,669302,"Gilbert, Logan",SL,Slider,2025,foul_tip,2025-06-22 00:00:00,3,Bot,1,3,2,86.2,1745,-0.99,5.67,7.4,-0.1,-0.03,-0.36,-1.2000000000000002,0.36,1.2000000000000002,1745,0.8725,1.2528367810692662,0.38033678106926616,0.38033678106926616,1.0080000000000002,-163.3007557660064,1,5.606622243673987,134.26463537512157
605400_778296_19_5,605400,"Nola, Aaron",SI,Sinker,2025,swinging_strike,2025-04-16 00:00:00,2,Top,0,1,2,89.0,2209,-1.88,4.98,6.8,-2.16,0.84,10.08,-25.92,10.08,25.92,2209,1.1045,27.811019398792272,26.70651939879227,26.70651939879227,19.008000000000003,158.74949449286677,1,5.606085849351239,134.2589840549994
571510_777219_12_3,571510,"Boyd, Matthew",SL,Slider,2025,swinging_strike,2025-07-06 00:00:00,2,Top,0,1,1,81.5,2478,2.97,4.99,6.2,-0.11,-0.04,-0.48,-1.32,0.48,1.32,2478,1.239,1.404563989286355,0.16556398928635496,0.16556398928635496,1.008,-160.01689347810003,1,5.6021013741300445,134.21700459317643
622663_778547_45_6,622663,"Severino, Luis",ST,Sweeper,2025,called_strike,2025-03-27 00:00:00,6,Bot,2,2,2,84.6,2526,-2.27,5.78,6.2,2.09,-0.1,-1.2000000000000002,25.08,1.2000000000000002,25.08,2526,1.2630000000000001,25.108691722190542,23.84569172219054,23.84569172219054,28.656,-2.7393357219185726,1,5.60001286453745,134.195000564078
592094_778019_59_2,592094,"Adam, Jason",SL,Slider,2025,called_strike,2025-05-07 00:00:00,8,Bot,0,1,0,84.1,2491,-1.15,6.39,6.3,-0.02,-0.04,-0.48,-0.24,0.48,0.24,2491,1.2455,0.5366563145999496,-0.7088436854000505,0.7088436854000505,0.288,-116.56505117707799,1,5.599327795064698,134.18778283873624
592094_777139_61_2,592094,"Adam, Jason",SL,Slider,2025,swinging_strike,2025-07-11 00:00:00,8,Top,1,0,1,86.5,2702,-1.13,6.44,6.3,-0.02,-0.04,-0.48,-0.24,0.48,0.24,2702,1.351,0.5366563145999496,-0.8143436854000504,0.8143436854000504,0.288,-116.56505117707799,1,5.599318325717515,134.18768307199747
642100_777875_45_4,642100,"Speier, Gabe",SL,Slider,2025,swinging_strike,2025-05-17 00:00:00,6,Bot,0,1,2,82.7,2078,1.86,5.11,5.9,-0.13,-0.01,-0.12,-1.56,0.12,1.56,2078,1.039,1.5646085772486358,0.5256085772486359,0.5256085772486359,1.728,-175.6012946450045,1,5.59844311909399,134.17846210788053
656986_778124_36_4,656986,"Sousa, Bennett",SL,Slider,2025,swinging_strike,2025-04-29 00:00:00,5,Top,1,2,1,84.9,2266,1.08,6.46,6.6,-0.06,-0.06,-0.72,-0.72,0.72,0.72,2266,1.133,1.0182337649086284,-0.11476623509137163,0.11476623509137163,0.0,-135.0,1,5.596767589130577,134.16080913170987
650911_776821_8_1,650911,"Sánchez, Cristopher",SL,Slider,2025,called_strike,2025-08-08 00:00:00,1,Bot,1,0,0,84.8,2152,2.21,5.94,6.8,-0.01,-0.03,-0.36,-0.12,0.36,0.12,2152,1.076,0.3794733192202055,-0.6965266807797945,0.6965266807797945,0.288,-108.43494882292202,1,5.5961950006714405,134.15477647896986
682171_778534_40_1,682171,"Murfee, Penn",ST,Sweeper,2025,called_strike,2025-03-29 00:00:00,6,Top,1,0,0,78.4,2835,-4.09,3.96,6.4,2.09,0.07,0.8400000000000001,25.08,0.8400000000000001,25.08,2835,1.4175,25.094063042879284,23.676563042879284,23.676563042879284,29.087999999999997,1.9182803251468235,1,5.595768501584228,134.15028298832047
820862_778050_56_2,820862,"Fermin, José",SL,Slider,2025,called_strike,2025-05-04 00:00:00,7,Top,0,0,1,87.5,2583,-2.18,6.35,5.9,-0.08,-0.06,-0.72,-0.96,0.72,0.96,2583,1.2915,1.2,-0.09150000000000014,0.09150000000000014,0.288,-143.13010235415598,1,5.594498485360277,134.13690240627938
656849_778270_17_2,656849,"Peterson, David",SL,Slider,2025,swinging_strike,2025-04-18 00:00:00,3,Top,0,0,1,83.8,2337,2.39,6.01,7.2,-0.13,-0.02,-0.24,-1.56,0.24,1.56,2337,1.1685,1.5783535725559086,0.4098535725559085,0.4098535725559085,1.584,-171.2538377374448,1,5.590480040048334,134.09456504384252
676477_813070_63_6,676477,"Whitlock, Garrett",CH,Changeup,2025,swinging_strike,2025-10-01 00:00:00,8,Bot,0,2,2,84.2,2207,-1.11,5.51,7.0,-1.87,-0.09,-1.08,-22.44,1.08,22.44,2207,1.1035,22.46597427221887,21.36247427221887,21.36247427221887,25.631999999999998,-177.24457529949726,1,5.588398708007162,134.0726366356801
643410_777385_77_1,643410,"Leiter Jr., Mark",FS,Split-Finger,2025,called_strike,2025-06-24 00:00:00,10,Bot,2,0,0,84.9,614,-0.88,5.89,6.7,-0.04,-0.04,-0.48,-0.48,0.48,0.48,614,0.307,0.6788225099390857,0.37182250993908567,0.37182250993908567,0.0,-135.0,1,5.5873120457461996,134.06118782639754
669302_777035_2_6,669302,"Gilbert, Logan",SL,Slider,2025,swinging_strike,2025-07-22 00:00:00,1,Top,1,3,2,87.3,1846,-0.94,5.76,7.5,0.0,-0.01,-0.12,0.0,0.12,0.0,1846,0.923,0.12,-0.803,0.803,0.144,-90.0,1,5.578937676602147,133.97295750991717
656849_777489_45_5,656849,"Peterson, David",SL,Slider,2025,swinging_strike,2025-06-17 00:00:00,6,Bot,2,2,2,84.7,2278,2.29,6.22,7.3,-0.14,-0.01,-0.12,-1.6800000000000002,0.12,1.6800000000000002,2278,1.139,1.684280261714184,0.5452802617141841,0.5452802617141841,1.8719999999999999,-175.91438322002512,1,5.578331910862242,133.9665753094164
607455_777937_49_6,607455,"Banda, Anthony",SL,Slider,2025,swinging_strike,2025-05-13 00:00:00,6,Top,2,3,2,87.0,2275,3.13,5.26,6.0,-0.14,-0.01,-0.12,-1.6800000000000002,0.12,1.6800000000000002,2275,1.1375,1.684280261714184,0.5467802617141841,0.5467802617141841,1.8719999999999999,-175.91438322002512,1,5.578077126737411,133.96389096584602
571578_778143_3_8,571578,"Corbin, Patrick",SL,Slider,2025,swinging_strike,2025-04-28 00:00:00,1,Top,1,3,2,81.9,2239,2.56,6.15,6.9,-0.14,-0.01,-0.12,-1.6800000000000002,0.12,1.6800000000000002,2239,1.1195,1.684280261714184,0.5647802617141842,0.5647802617141842,1.8719999999999999,-175.91438322002512,1,5.575019871493155,133.93168046818082
694462_776738_47_5,694462,"Waldrep, Hurston",SL,Slider,2025,called_strike,2025-08-15 00:00:00,6,Bot,2,3,1,87.7,2290,-0.97,5.99,6.5,-0.04,-0.06,-0.72,-0.48,0.72,0.48,2290,1.145,0.8653323061113574,-0.27966769388864265,0.27966769388864265,0.288,-123.69006752597979,1,5.571395040972993,133.8934901354548
656730_813046_3_4,656730,"Megill, Trevor",KC,Knuckle Curve,2025,swinging_strike,2025-10-11 00:00:00,1,Top,2,2,1,87.7,2706,-0.06,6.46,6.3,-0.04,-0.06,-0.72,-0.48,0.72,0.48,2706,1.353,0.8653323061113574,-0.4876676938886426,0.4876676938886426,0.288,-123.69006752597979,1,5.571376377105784,133.89329349748934
669711_777856_52_2,669711,"Weissert, Greg",ST,Sweeper,2025,swinging_strike,2025-05-19 00:00:00,7,Top,1,0,1,78.5,2889,-2.63,4.45,5.6,2.17,0.6,7.199999999999999,26.04,7.199999999999999,26.04,2889,1.4445000000000001,27.017061276163993,25.57256127616399,25.57256127616399,22.608,15.455999070312142,1,5.571316388464668,133.89266147175704
660271_776839_9_3,660271,"Ohtani, Shohei",SL,Slider,2025,swinging_strike_blocked,2025-08-06 00:00:00,2,Top,2,0,2,90.9,2539,-2.25,5.97,6.6,-0.11,-0.05,-0.6000000000000001,-1.32,0.6000000000000001,1.32,2539,1.2695,1.4499655168313488,0.1804655168313487,0.1804655168313487,0.864,-155.55604521958347,1,5.570990992041186,133.88923317418244
620454_776203_59_1,620454,"Castillo, José",SL,Slider,2025,called_strike,2025-09-24 00:00:00,8,Top,1,0,0,83.3,2461,2.92,6.1,6.3,-0.13,-0.03,-0.36,-1.56,0.36,1.56,2461,1.2305,1.60099968769516,0.37049968769516006,0.37049968769516006,1.4400000000000002,-167.0053832080835,1,5.5698197069719795,133.87689279957425
678606_776570_57_3,678606,"Ferrer, Jose A.",SL,Slider,2025,swinging_strike,2025-08-27 00:00:00,6,Bot,0,1,1,89.5,2460,3.44,5.74,5.7,-0.13,-0.03,-0.36,-1.56,0.36,1.56,2460,1.23,1.60099968769516,0.37099968769516,0.37099968769516,1.4400000000000002,-167.0053832080835,1,5.569733912962041,133.87598889475242
680729_778101_73_1,680729,"McDaniels, Garrett",SL,Slider,2025,swinging_strike,2025-05-01 00:00:00,9,Top,1,0,0,84.6,2491,1.56,6.14,5.8,-0.06,-0.07,-0.8400000000000001,-0.72,0.8400000000000001,0.72,2491,1.2455,1.1063453348751466,-0.13915466512485342,0.13915466512485342,0.14400000000000013,-130.6012946450045,1,5.561234115067587,133.78643709146473
571510_813050_27_5,571510,"Boyd, Matthew",SL,Slider,2025,swinging_strike,2025-10-09 00:00:00,4,Top,0,2,2,82.5,2533,2.92,4.95,6.0,-0.1,-0.06,-0.72,-1.2000000000000002,0.72,1.2000000000000002,2533,1.2665,1.3994284547628721,0.13292845476287218,0.13292845476287218,0.5760000000000002,-149.03624346792648,1,5.559977789715574,133.77320075312045
657240_778205_66_1,657240,"Merryweather, Julian",SL,Slider,2025,called_strike,2025-04-23 00:00:00,8,Top,0,0,0,84.0,2054,-1.57,6.28,6.4,-0.01,-0.04,-0.48,-0.12,0.48,0.12,2054,1.027,0.49477267507411926,-0.5322273249258807,0.5322273249258807,0.432,-104.03624346792648,1,5.559631434148694,133.7695516351087
676974_778519_26_2,676974,"Meyer, Max",SL,Slider,2025,swinging_strike,2025-03-30 00:00:00,4,Top,2,1,0,90.8,2604,-1.12,5.65,6.5,-0.01,-0.04,-0.48,-0.12,0.48,0.12,2604,1.302,0.49477267507411926,-0.8072273249258808,0.8072273249258808,0.432,-104.03624346792648,1,5.559606753632358,133.7692916071914
656986_776835_57_2,656986,"Sousa, Bennett",SL,Slider,2025,swinging_strike,2025-08-08 00:00:00,7,Bot,1,1,0,84.8,2335,1.12,6.37,6.5,-0.12,-0.04,-0.48,-1.44,0.48,1.44,2335,1.1675,1.517893276880822,0.350393276880822,0.350393276880822,1.152,-161.565051177078,1,5.558679862440615,133.75952610703447
607455_777946_47_6,607455,"Banda, Anthony",SL,Slider,2025,foul_tip,2025-05-15 00:00:00,5,Top,0,3,2,86.7,2244,2.95,5.28,6.1,0.0,-0.02,-0.24,0.0,0.24,0.0,2244,1.122,0.24,-0.8820000000000001,0.8820000000000001,0.288,-90.0,1,5.557404166047975,133.74608568011763
693821_776921_51_1,693821,"Elder, Bryce",SL,Slider,2025,called_strike,2025-08-01 00:00:00,7,Bot,1,0,0,83.5,2629,-0.92,6.42,6.1,0.0,-0.02,-0.24,0.0,0.24,0.0,2629,1.3145,0.24,-1.0745,1.0745,0.288,-90.0,1,5.557386891242887,133.7459036769728
656550_777803_40_2,656550,"Holmes, Grant",SL,Slider,2025,swinging_strike,2025-05-24 00:00:00,5,Top,0,0,1,84.5,2819,-2.57,5.96,6.0,0.0,-0.02,-0.24,0.0,0.24,0.0,2819,1.4095,0.24,-1.1695,1.1695,0.288,-90.0,1,5.557378366014602,133.7458138572411
622491_777774_53_4,622491,"Castillo, Luis",SL,Slider,2025,called_strike,2025-05-25 00:00:00,6,Bot,2,2,1,86.0,2291,-2.01,4.99,5.4,-0.12,-0.04,-0.48,-1.44,0.48,1.44,2291,1.1455,1.517893276880822,0.372393276880822,0.372393276880822,1.152,-161.565051177078,1,5.554883355593643,133.71952703428448
668674_777124_55_2,668674,"Erceg, Lucas",SL,Slider,2025,swinging_strike,2025-07-13 00:00:00,8,Top,0,1,0,84.4,2025,-1.86,5.99,6.5,-0.1,-0.05,-0.6000000000000001,-1.2000000000000002,0.6000000000000001,1.2000000000000002,2025,1.0125,1.341640786499874,0.3291407864998741,0.3291407864998741,0.7200000000000001,-153.434948822922,1,5.55416926429682,133.7120035420631
571578_776495_8_5,571578,"Corbin, Patrick",SL,Slider,2025,swinging_strike,2025-09-01 00:00:00,1,Bot,2,2,2,82.8,2328,2.83,6.11,6.8,-0.14,-0.02,-0.24,-1.6800000000000002,0.24,1.6800000000000002,2328,1.164,1.6970562748477143,0.5330562748477143,0.5330562748477143,1.7280000000000002,-171.86989764584405,1,5.554030498928614,133.7105415438943
657746_778144_38_1,657746,"Ryan, Joe",ST,Sweeper,2025,called_strike,2025-04-27 00:00:00,6,Top,1,0,0,78.9,2894,-2.67,4.76,6.8,2.1,-0.17,-2.04,25.200000000000003,2.04,25.200000000000003,2894,1.447,25.282436591436362,23.835436591436363,23.835436591436363,27.792000000000005,-4.62813753773235,1,5.553968491142069,133.70988824493682
650911_776141_23_1,650911,"Sánchez, Cristopher",SL,Slider,2025,called_strike,2025-09-28 00:00:00,4,Top,2,0,0,86.3,2004,1.93,5.9,6.9,-0.03,-0.06,-0.72,-0.36,0.72,0.36,2004,1.002,0.8049844718999243,-0.19701552810007572,0.19701552810007572,0.432,-116.56505117707799,1,5.552261985129648,133.69190891264785
663460_777551_9_1,663460,"Bubic, Kris",SL,Slider,2025,called_strike,2025-06-11 00:00:00,2,Top,0,0,0,85.4,2568,2.09,5.83,6.8,-0.03,-0.06,-0.72,-0.36,0.72,0.36,2568,1.284,0.8049844718999243,-0.47901552810007575,0.47901552810007575,0.432,-116.56505117707799,1,5.552236681787023,133.69164232278425
518585_777337_54_3,518585,"Cruz, Fernando",FS,Split-Finger,2025,called_strike,2025-06-27 00:00:00,7,Top,2,1,1,80.5,873,-2.11,6.16,7.2,-0.04,-0.05,-0.6000000000000001,-0.48,0.6000000000000001,0.48,873,0.4365,0.7683749084919419,0.3318749084919419,0.3318749084919419,0.14400000000000013,-128.6598082540901,1,5.550860033316857,133.67713828933222
676979_776627_27_2,676979,"Crochet, Garrett",FC,Cutter,2025,called_strike,2025-08-23 00:00:00,3,Bot,1,1,0,87.8,2555,2.16,6.27,6.6,-0.05,-0.07,-0.8400000000000001,-0.6000000000000001,0.8400000000000001,0.6000000000000001,2555,1.2775,1.0322790320451154,-0.24522096795488468,0.24522096795488468,0.288,-125.53767779197437,1,5.55074726661479,133.67595020678647
669302_776602_50_1,669302,"Gilbert, Logan",SL,Slider,2025,called_strike,2025-08-24 00:00:00,6,Top,1,0,0,85.6,1834,-0.54,5.97,7.6,-0.13,-0.02,-0.24,-1.56,0.24,1.56,1834,0.917,1.5783535725559086,0.6613535725559085,0.6613535725559085,1.584,-171.2538377374448,1,5.547517747146208,133.641924775152
689690_778998_40_4,689690,"Jacob, Alek",CH,Changeup,2025,swinging_strike,2025-03-20 00:00:00,6,Top,0,1,2,77.5,2363,-2.43,3.89,7.3,-1.86,-0.09,-1.08,-22.32,1.08,22.32,2363,1.1815,22.346113756087433,21.164613756087434,21.164613756087434,25.488000000000003,-177.2297842027998,1,5.541155756304725,133.57489638701512
571578_777159_32_1,571578,"Corbin, Patrick",SL,Slider,2025,called_strike,2025-07-10 00:00:00,3,Bot,0,0,0,79.6,2154,2.54,6.27,6.9,-0.14,-0.02,-0.24,-1.6800000000000002,0.24,1.6800000000000002,2154,1.077,1.6970562748477143,0.6200562748477143,0.6200562748477143,1.7280000000000002,-171.86989764584405,1,5.539200093652133,133.55429200096538
695445_777661_71_1,695445,"Lee, Chase",ST,Sweeper,2025,called_strike,2025-06-03 00:00:00,8,Bot,1,0,0,79.0,2893,-2.75,3.93,5.8,2.12,0.25,3.0,25.44,3.0,25.44,2893,1.4465000000000001,25.616276075963892,24.16977607596389,24.16977607596389,26.928,6.725517097325259,1,5.537245388074378,133.53369769842334
663559_777029_35_1,663559,"Falter, Bailey",CU,Curveball,2025,called_strike,2025-07-23 00:00:00,5,Top,1,0,0,79.1,1725,1.41,5.77,6.9,-0.11,-0.04,-0.48,-1.32,0.48,1.32,1725,0.8625,1.404563989286355,0.542063989286355,0.542063989286355,1.008,-160.01689347810003,1,5.536982262853679,133.53092547509561
656986_777336_67_7,656986,"Sousa, Bennett",SL,Slider,2025,swinging_strike,2025-06-27 00:00:00,8,Top,1,1,2,84.0,2325,1.09,6.41,6.7,-0.04,-0.07,-0.8400000000000001,-0.48,0.8400000000000001,0.48,2325,1.1625,0.967470929795826,-0.19502907020417404,0.19502907020417404,0.4320000000000001,-119.74488129694222,1,5.536940576968749,133.53048628275084
668674_777396_53_1,668674,"Erceg, Lucas",SL,Slider,2025,called_strike,2025-06-22 00:00:00,7,Bot,2,0,0,83.6,1908,-2.12,6.02,6.4,-0.05,-0.07,-0.8400000000000001,-0.6000000000000001,0.8400000000000001,0.6000000000000001,1908,0.9540000000000001,1.0322790320451154,0.07827903204511533,0.07827903204511533,0.288,-125.53767779197437,1,5.53689207847947,133.52997531446366
656986_776835_49_1,656986,"Sousa, Bennett",SL,Slider,2025,swinging_strike,2025-08-08 00:00:00,6,Bot,1,0,0,86.5,2123,1.26,6.36,6.5,-0.14,-0.02,-0.24,-1.6800000000000002,0.24,1.6800000000000002,2123,1.0615,1.6970562748477143,0.6355562748477142,0.6355562748477142,1.7280000000000002,-171.86989764584405,1,5.536558568363421,133.5264615329976
693821_776748_14_2,693821,"Elder, Bryce",SL,Slider,2025,swinging_strike,2025-08-14 00:00:00,2,Bot,1,0,1,83.9,2253,-1.24,6.44,6.1,0.0,-0.03,-0.36,0.0,0.36,0.0,2253,1.1265,0.36,-0.7665000000000001,0.7665000000000001,0.432,-90.0,1,5.535976173971324,133.52032556733292
668674_777297_66_1,668674,"Erceg, Lucas",SL,Slider,2025,swinging_strike,2025-06-30 00:00:00,8,Bot,1,0,0,85.3,2046,-1.92,5.95,6.5,-0.13,-0.03,-0.36,-1.56,0.36,1.56,2046,1.0230000000000001,1.60099968769516,0.5779996876951599,0.5779996876951599,1.4400000000000002,-167.0053832080835,1,5.534231913455531,133.50194846277907
642207_787945_71_3,642207,"Williams, Devin",CH,Changeup,2025,swinging_strike,2025-03-24 00:00:00,8,Bot,1,2,0,84.0,2706,-2.29,5.32,7.2,-1.87,-0.11,-1.32,-22.44,1.32,22.44,2706,1.353,22.47879000302285,21.12579000302285,21.12579000302285,25.344,-176.63353933657018,1,5.530132726259889,133.4587604234937
657240_778205_67_4,657240,"Merryweather, Julian",SL,Slider,2025,swinging_strike,2025-04-23 00:00:00,8,Top,1,1,2,85.5,2057,-1.53,6.29,6.2,-0.01,-0.05,-0.6000000000000001,-0.12,0.6000000000000001,0.12,2057,1.0285,0.6118823416311343,-0.41661765836886566,0.41661765836886566,0.5760000000000001,-101.30993247402021,1,5.529070726099359,133.44757144810293
682254_778493_72_2,682254,"Montgomery, Mason",SL,Slider,2025,called_strike,2025-04-01 00:00:00,9,Top,2,0,1,90.1,2489,1.79,5.76,6.6,-0.01,-0.05,-0.6000000000000001,-0.12,0.6000000000000001,0.12,2489,1.2445,0.6118823416311343,-0.6326176583688656,0.6326176583688656,0.5760000000000001,-101.30993247402021,1,5.529051346559624,133.4473672699858
656288_777638_33_4,656288,"Canning, Griffin",SL,Slider,2025,swinging_strike,2025-06-04 00:00:00,4,Bot,2,2,1,89.6,2678,-0.75,5.82,5.7,-0.01,-0.05,-0.6000000000000001,-0.12,0.6000000000000001,0.12,2678,1.339,0.6118823416311343,-0.7271176583688657,0.7271176583688657,0.5760000000000001,-101.30993247402021,1,5.5290428680112145,133.44727794206193
592094_778305_63_1,592094,"Adam, Jason",SL,Slider,2025,called_strike,2025-04-15 00:00:00,8,Top,1,0,0,83.5,2583,-0.88,6.52,6.5,-0.06,-0.08,-0.96,-0.72,0.96,0.72,2583,1.2915,1.2,-0.09150000000000014,0.09150000000000014,0.288,-126.86989764584402,1,5.528067154825368,133.43699806524964
664294_776517_62_1,664294,"Moreta, Dauri",SL,Slider,2025,called_strike,2025-08-31 00:00:00,7,Bot,2,0,0,82.4,2022,-1.18,5.76,6.2,-0.14,-0.02,-0.24,-1.6800000000000002,0.24,1.6800000000000002,2022,1.0110000000000001,1.6970562748477143,0.6860562748477141,0.6860562748477141,1.7280000000000002,-171.86989764584405,1,5.527953727824995,133.43580302596155
689690_778450_59_1,689690,"Jacob, Alek",CH,Changeup,2025,called_strike,2025-04-05 00:00:00,6,Bot,2,0,0,75.5,2168,-2.37,3.71,7.1,-1.92,-0.26,-3.12,-23.04,3.12,23.04,2168,1.084,23.25029032076804,22.16629032076804,22.16629032076804,23.903999999999996,-172.2881075873411,1,5.5274782027153755,133.43079300906422
676962_777626_26_5,676962,"Brown, Ben",KC,Knuckle Curve,2025,swinging_strike,2025-06-06 00:00:00,4,Bot,0,2,2,88.2,2076,-1.52,6.43,6.5,-0.03,-0.07,-0.8400000000000001,-0.36,0.8400000000000001,0.36,2076,1.038,0.9138927727036691,-0.12410722729633095,0.12410722729633095,0.5760000000000001,-113.19859051364818,1,5.519704057957727,133.3488865107319
676962_777482_40_3,676962,"Brown, Ben",KC,Knuckle Curve,2025,called_strike,2025-06-17 00:00:00,5,Top,2,2,0,88.0,2307,-1.7,6.42,6.6,-0.03,-0.07,-0.8400000000000001,-0.36,0.8400000000000001,0.36,2307,1.1535,0.9138927727036691,-0.23960722729633088,0.23960722729633088,0.5760000000000001,-113.19859051364818,1,5.5196936967102275,133.3487773471483
687931_776557_15_4,687931,"Whisenhunt, Carson",SL,Slider,2025,called_strike,2025-08-27 00:00:00,2,Top,2,1,2,82.8,2587,2.01,6.14,6.6,-0.03,-0.07,-0.8400000000000001,-0.36,0.8400000000000001,0.36,2587,1.2935,0.9138927727036691,-0.379607227296331,0.379607227296331,0.5760000000000001,-113.19859051364818,1,5.519681137622631,133.348645027656
656986_777567_54_1,656986,"Sousa, Bennett",SL,Slider,2025,called_strike,2025-06-10 00:00:00,7,Top,2,0,0,84.4,2324,1.17,6.48,6.5,-0.15,-0.02,-0.24,-1.7999999999999998,0.24,1.7999999999999998,2324,1.162,1.8159295140505864,0.6539295140505865,0.6539295140505865,1.8719999999999997,-172.40535663140858,1,5.517799090345683,133.32881623529929
702070_777799_40_1,702070,"Cameron, Noah",SL,Slider,2025,called_strike,2025-05-23 00:00:00,5,Bot,2,0,0,81.2,2439,1.66,6.45,6.2,-0.16,-0.01,-0.12,-1.92,0.12,1.92,2439,1.2195,1.9237463450257677,0.7042463450257677,0.7042463450257677,2.1599999999999997,-176.42366562500266,1,5.517687605898256,133.32764166227653
607074_776845_34_4,607074,"Rodón, Carlos",SL,Slider,2025,swinging_strike,2025-08-06 00:00:00,4,Bot,1,1,2,87.0,2623,2.48,6.2,6.1,-0.15,-0.03,-0.36,-1.7999999999999998,0.36,1.7999999999999998,2623,1.3115,1.8356470248934023,0.5241470248934021,0.5241470248934021,1.728,-168.6900675259798,1,5.514793337546061,133.29714835486428
671131_777398_73_5,671131,"Rutledge, Jackson",SL,Slider,2025,swinging_strike,2025-06-22 00:00:00,8,Bot,1,1,2,84.8,2136,-2.22,5.89,6.1,0.0,-0.04,-0.48,0.0,0.48,0.0,2136,1.068,0.48,-0.5880000000000001,0.5880000000000001,0.576,-90.0,1,5.514642919693579,133.2955635889553
543859_776567_76_1,543859,"Tonkin, Michael",SL,Slider,2025,called_strike,2025-08-27 00:00:00,8,Bot,1,0,0,84.2,2248,-3.36,5.35,5.8,0.0,-0.04,-0.48,0.0,0.48,0.0,2248,1.124,0.48,-0.6440000000000001,0.6440000000000001,0.576,-90.0,1,5.514637896723938,133.29551066816884
571578_776575_44_2,571578,"Corbin, Patrick",SL,Slider,2025,called_strike,2025-08-26 00:00:00,6,Top,2,0,1,81.5,2261,2.73,6.21,6.6,0.0,-0.04,-0.48,0.0,0.48,0.0,2261,1.1305,0.48,-0.6505000000000001,0.6505000000000001,0.576,-90.0,1,5.514637313700679,133.2955045255776
592094_778352_50_1,592094,"Adam, Jason",SL,Slider,2025,called_strike,2025-04-12 00:00:00,8,Top,0,0,0,84.5,2482,-1.17,6.34,6.6,0.0,-0.04,-0.48,0.0,0.48,0.0,2482,1.241,0.48,-0.7610000000000001,0.7610000000000001,0.576,-90.0,1,5.514627402305391,133.2954001015275
680729_778121_68_1,680729,"McDaniels, Garrett",SL,Slider,2025,called_strike,2025-04-29 00:00:00,8,Bot,2,0,0,85.9,2572,1.74,6.04,5.5,0.0,-0.04,-0.48,0.0,0.48,0.0,2572,1.286,0.48,-0.806,0.806,0.576,-90.0,1,5.514623365990623,133.29535757589682
571760_777299_3_5,571760,"Heaney, Andrew",SI,Sinker,2025,swinging_strike,2025-06-30 00:00:00,1,Top,2,2,2,89.9,2336,3.27,3.79,6.4,2.06,-0.06,-0.72,24.72,0.72,24.72,2336,1.168,24.730483214041737,23.562483214041738,23.562483214041738,28.799999999999997,-1.6683374482933075,1,5.513579214086741,133.28435664539705
605135_778446_42_5,605135,"Bassitt, Chris",SI,Sinker,2025,swinging_strike,2025-04-05 00:00:00,5,Bot,2,2,2,89.8,2066,-2.55,5.55,6.2,-1.84,-0.07,-0.8400000000000001,-22.080000000000002,0.8400000000000001,22.080000000000002,2066,1.033,22.09597248369033,21.062972483690327,21.062972483690327,25.488000000000003,-177.8213199247234,1,5.51130135634753,133.26035769027925
663738_777378_59_1,663738,"Lynch IV, Daniel",KC,Knuckle Curve,2025,called_strike,2025-06-24 00:00:00,8,Top,2,0,0,83.0,2266,1.48,6.04,6.3,-0.07,-0.08,-0.96,-0.8400000000000001,0.96,0.8400000000000001,2266,1.133,1.275617497528158,0.142617497528158,0.142617497528158,0.14399999999999985,-131.18592516570965,1,5.510287578252952,133.24967677084678
664076_776580_63_3,664076,"Cleavinger, Garrett",ST,Sweeper,2025,swinging_strike,2025-08-27 00:00:00,8,Bot,2,0,2,80.7,2924,1.19,4.83,6.5,-1.9,-0.19,-2.2800000000000002,-22.799999999999997,2.2800000000000002,22.799999999999997,2924,1.462,22.913716416155626,21.451716416155627,21.451716416155627,24.623999999999995,-174.28940686250036,1,5.509991803031148,133.24656055504855
607074_776383_34_1,607074,"Rodón, Carlos",SL,Slider,2025,called_strike,2025-09-10 00:00:00,5,Top,2,0,0,87.8,2602,2.7,6.18,5.5,-0.16,-0.02,-0.24,-1.92,0.24,1.92,2602,1.301,1.9349418595916519,0.633941859591652,0.633941859591652,2.016,-172.8749836510982,1,5.505362820884079,133.1977907250121
668674_777109_73_1,668674,"Erceg, Lucas",SL,Slider,2025,called_strike,2025-07-18 00:00:00,9,Bot,1,0,0,85.0,2083,-1.77,5.89,6.3,-0.09,-0.07,-0.8400000000000001,-1.08,0.8400000000000001,1.08,2083,1.0415,1.3682105101189657,0.32671051011896557,0.32671051011896557,0.288,-142.12501634890182,1,5.504961900910264,133.1935667296801
